,CRIM,ZN,INDUS,CHAS,NOX,RM,AGE,DIS,RAD,TAX,PTRATIO,B,LSTAT,NPC,RRS,MEDV
0,0.00632,18.0,2.31,0.0,0.538,6.575,65.2,4.09,1.0,296.0,15.3,396.9,4.98,1.0,,24.0
1,0.02731,0.0,7.07,0.0,0.469,6.421,78.9,4.9671,2.0,242.0,17.8,396.9,9.14,1.0,,21.6
2,0.02729,0.0,7.07,0.0,0.469,7.185,61.1,4.9671,2.0,242.0,17.8,392.83,4.03,1.0,28.502375918853485,34.7
3,0.03237,0.0,2.18,0.0,0.458,6.998,45.8,6.0622,3.0,222.0,18.7,394.63,2.94,1.0,39.526114398359525,33.4
4,0.06905,0.0,2.18,0.0,0.458,7.147,54.2,6.0622,3.0,222.0,18.7,396.9,5.33,1.0,,36.2
5,0.02985,0.0,2.18,0.0,0.458,6.43,58.7,6.0622,3.0,222.0,18.7,394.12,5.21,1.0,,28.7
6,0.08829,12.5,7.87,0.0,0.524,6.012,66.6,5.5605,5.0,311.0,15.2,395.6,12.43,1.0,27.08429610775833,22.9
90,0.04113,25.0,4.86,0.0,0.426,6.727,33.5,5.4007,4.0,281.0,19.0,396.9,5.29,1.0,26.703060511447266,28.0
91,0.04462,25.0,4.86,0.0,0.426,6.619,70.4,5.4007,4.0,281.0,19.0,395.63,7.22,1.0,26.166682747859262,23.9
92,0.03659,25.0,4.86,0.0,0.426,6.302,32.2,5.4007,4.0,281.0,19.0,396.9,6.72,1.0,,24.8
93,0.03551,25.0,4.86,0.0,0.426,6.167,46.7,5.4007,4.0,281.0,19.0,390.64,7.51,1.0,,22.9
94,0.05059,0.0,4.49,0.0,0.449,6.389,48.0,4.7794,3.0,247.0,18.5,396.9,9.62,1.0,,23.9
95,0.05735,0.0,4.49,0.0,0.449,6.63,56.1,4.4377,3.0,247.0,18.5,392.3,6.53,1.0,25.477711937190502,26.6
96,0.05188,0.0,4.49,0.0,0.449,6.015,45.1,4.4272,3.0,247.0,18.5,395.99,12.86,1.0,18.96080459342296,22.5
97,0.07151,0.0,4.49,0.0,0.449,6.121,56.8,3.7476,3.0,247.0,18.5,395.15,8.44,1.0,,22.2
98,0.0566,0.0,3.41,0.0,0.489,7.007,86.3,3.4217,2.0,270.0,17.8,396.9,5.5,1.0,20.48177829277414,23.6
99,0.05302,0.0,3.41,0.0,0.489,7.079,63.1,3.4145,2.0,270.0,17.8,396.06,5.7,1.0,,28.7
100,0.04684,0.0,3.41,0.0,0.489,6.417,66.1,3.0923,2.0,270.0,17.8,392.18,8.81,1.0,,22.6
101,0.03932,0.0,3.41,0.0,0.489,6.405,73.9,3.0921,2.0,270.0,17.8,393.55,8.2,1.0,,22.0
102,0.04203,28.0,15.04,0.0,0.464,6.442,53.6,3.6659,4.0,270.0,18.2,395.01,8.16,1.0,,22.9
103,0.02875,28.0,15.04,0.0,0.464,6.211,28.9,3.6659,4.0,270.0,18.2,396.33,6.21,1.0,,25.0
104,0.04294,28.0,15.04,0.0,0.464,6.249,77.3,3.615,4.0,270.0,18.2,396.9,10.59,1.0,,20.6
105,0.12204,0.0,2.89,0.0,0.445,6.625,57.8,3.4952,2.0,276.0,18.0,357.98,6.65,1.0,27.86881601997552,28.4
106,0.11504,0.0,2.89,0.0,0.445,6.163,69.6,3.4952,2.0,276.0,18.0,391.83,11.34,1.0,,21.4
107,0.12083,0.0,2.89,0.0,0.445,8.069,76.0,3.4952,2.0,276.0,18.0,396.9,4.21,1.0,35.29073909097528,38.7
108,0.08187,0.0,2.89,0.0,0.445,7.82,36.9,3.4952,2.0,276.0,18.0,393.53,3.57,1.0,,43.8
109,0.0686,0.0,2.89,0.0,0.445,7.416,62.5,3.4952,2.0,276.0,18.0,396.9,6.19,1.0,,33.2
110,0.14866,0.0,8.56,0.0,0.52,6.727,79.9,2.7778,5.0,384.0,20.9,394.76,9.42,1.0,24.98053406766643,27.5
111,0.11432,0.0,8.56,0.0,0.52,6.781,71.3,2.8561,5.0,384.0,20.9,395.58,7.67,1.0,22.61176232737175,26.5
112,0.22876,0.0,8.56,0.0,0.52,6.405,85.4,2.7147,5.0,384.0,20.9,70.8,10.63,1.0,15.446930824217777,18.6
113,0.21161,0.0,8.56,0.0,0.52,6.137,87.4,2.7147,5.0,384.0,20.9,394.47,13.44,1.0,22.70090570548516,19.3
114,0.1396,0.0,8.56,0.0,0.52,6.167,90.0,2.421,5.0,384.0,20.9,392.69,12.33,1.0,,20.1
115,0.13262,0.0,8.56,0.0,0.52,5.851,96.7,2.1069,5.0,384.0,20.9,394.05,16.47,1.0,,19.5
116,0.1712,0.0,8.56,0.0,0.52,5.836,91.9,2.211,5.0,384.0,20.9,395.67,18.66,1.0,,19.5
117,0.13117,0.0,8.56,0.0,0.52,6.127,85.2,2.1224,5.0,384.0,20.9,387.69,14.09,1.0,16.9952271074881,20.4
118,0.12802,0.0,8.56,0.0,0.52,6.474,97.1,2.4329,5.0,384.0,20.9,395.24,12.27,1.0,22.78315896853228,19.8
119,0.26363,0.0,8.56,0.0,0.52,6.229,91.2,2.5451,5.0,384.0,20.9,391.23,15.55,1.0,,19.4
120,0.10793,0.0,8.56,0.0,0.52,6.195,54.4,2.7778,5.0,384.0,20.9,393.49,13.0,1.0,18.790761386669168,21.7
121,0.10084,0.0,10.01,0.0,0.547,6.715,81.6,2.6775,6.0,432.0,17.8,395.59,10.16,1.0,,22.8
122,0.12329,0.0,10.01,0.0,0.547,5.913,92.9,2.3534,6.0,432.0,17.8,394.95,16.21,1.0,20.88756917368889,18.8
123,0.22212,0.0,10.01,0.0,0.547,6.092,95.4,2.548,6.0,432.0,17.8,396.9,17.09,1.0,,18.7
124,0.14231,0.0,10.01,0.0,0.547,6.254,84.2,2.2565,6.0,432.0,17.8,388.74,10.45,1.0,22.09111677492473,18.5
125,0.17134,0.0,10.01,0.0,0.547,5.928,88.2,2.4631,6.0,432.0,17.8,344.91,15.76,1.0,,18.3
126,0.13158,0.0,10.01,0.0,0.547,6.176,72.5,2.7301,6.0,432.0,17.8,393.3,12.04,1.0,23.31642398379709,21.2
127,0.15098,0.0,10.01,0.0,0.547,6.021,82.6,2.7474,6.0,432.0,17.8,394.51,10.3,1.0,,19.2
128,0.13058,0.0,10.01,0.0,0.547,5.872,73.1,2.4775,6.0,432.0,17.8,338.63,15.37,1.0,23.085980040965158,20.4
129,0.14476,0.0,10.01,0.0,0.547,5.731,65.2,2.7592,6.0,432.0,17.8,391.5,13.61,1.0,19.83330894195957,19.3
130,0.06899,0.0,25.65,0.0,0.581,5.87,69.7,2.2577,2.0,188.0,19.1,389.15,14.37,1.0,,22.0
131,0.07165,0.0,25.65,0.0,0.581,6.004,84.1,2.1974,2.0,188.0,19.1,377.67,14.27,1.0,16.53899356520425,20.3
132,0.09299,0.0,25.65,0.0,0.581,5.961,92.9,2.0869,2.0,188.0,19.1,378.09,17.93,1.0,,20.5
133,0.15038,0.0,25.65,0.0,0.581,5.856,97.0,1.9444,2.0,188.0,19.1,370.31,25.41,1.0,,17.3
134,0.09849,0.0,25.65,0.0,0.581,5.879,95.8,2.0063,2.0,188.0,19.1,379.38,17.58,1.0,,18.8
135,0.16902,0.0,25.65,0.0,0.581,5.986,88.4,1.9929,2.0,188.0,19.1,385.02,14.81,1.0,,21.4
136,0.38735,0.0,25.65,0.0,0.581,5.613,95.6,1.7572,2.0,188.0,19.1,359.29,27.26,1.0,,15.7
137,0.25915,0.0,21.89,0.0,0.624,5.693,96.0,1.7883,4.0,437.0,21.2,392.11,17.19,1.0,17.819421656565414,16.2
138,0.32543,0.0,21.89,0.0,0.624,6.431,98.8,1.8125,4.0,437.0,21.2,396.9,15.39,1.0,20.974793416255025,18.0
139,0.88125,0.0,21.89,0.0,0.624,5.637,94.7,1.9799,4.0,437.0,21.2,396.9,18.34,1.0,14.7870553249017,14.3
140,0.34006,0.0,21.89,0.0,0.624,6.458,98.9,2.1185,4.0,437.0,21.2,395.04,12.6,1.0,20.936608082471796,19.2
141,1.19294,0.0,21.89,0.0,0.624,6.326,97.7,2.271,4.0,437.0,21.2,396.9,12.26,1.0,,19.6
142,0.59005,0.0,21.89,0.0,0.624,6.372,97.9,2.3274,4.0,437.0,21.2,385.76,11.12,1.0,,23.0
143,0.32982,0.0,21.89,0.0,0.624,5.822,95.4,2.4699,4.0,437.0,21.2,388.69,15.03,1.0,16.49438436594609,18.4
144,0.97617,0.0,21.89,0.0,0.624,5.757,98.4,2.346,4.0,437.0,21.2,262.76,17.31,1.0,,15.6
145,0.55778,0.0,21.89,0.0,0.624,6.335,98.2,2.1107,4.0,437.0,21.2,394.67,16.96,1.0,,18.1
146,0.32264,0.0,21.89,0.0,0.624,5.942,93.5,1.9669,4.0,437.0,21.2,378.25,16.9,1.0,15.832133307300325,17.4
147,0.35233,0.0,21.89,0.0,0.624,6.454,98.4,1.8498,4.0,437.0,21.2,394.08,14.59,1.0,,17.1
148,0.2498,0.0,21.89,0.0,0.624,5.857,98.2,1.6686,4.0,437.0,21.2,392.04,21.32,1.0,,13.3
149,0.54452,0.0,21.89,0.0,0.624,6.151,97.9,1.6687,4.0,437.0,21.2,396.9,18.46,1.0,,17.8
150,0.2909,0.0,21.89,0.0,0.624,6.174,93.6,1.6119,4.0,437.0,21.2,388.08,24.16,1.0,11.462620219630832,14.0
151,1.62864,0.0,21.89,0.0,0.624,5.019,100.0,1.4394,4.0,437.0,21.2,396.9,34.41,1.0,13.06755349646577,14.4
152,3.32105,0.0,19.58,1.0,0.871,5.403,100.0,1.3216,5.0,403.0,14.7,396.9,26.82,1.0,10.838910217282418,13.4
153,4.0974,0.0,19.58,0.0,0.871,5.468,100.0,1.4118,5.0,403.0,14.7,396.9,26.42,1.0,,15.6
154,2.77974,0.0,19.58,0.0,0.871,4.903,97.8,1.3459,5.0,403.0,14.7,396.9,29.29,1.0,,11.8
155,2.37934,0.0,19.58,0.0,0.871,6.13,100.0,1.4191,5.0,403.0,14.7,172.91,27.8,1.0,15.629170625145006,13.8
156,2.15505,0.0,19.58,0.0,0.871,5.628,100.0,1.5166,5.0,403.0,14.7,169.27,16.65,1.0,,15.6
157,2.36862,0.0,19.58,0.0,0.871,4.926,95.7,1.4608,5.0,403.0,14.7,391.71,29.53,1.0,16.44769269364428,14.6
158,2.33099,0.0,19.58,0.0,0.871,5.186,93.8,1.5296,5.0,403.0,14.7,356.99,28.32,1.0,21.13197320993154,17.8
159,2.73397,0.0,19.58,0.0,0.871,5.597,94.9,1.5257,5.0,403.0,14.7,351.85,21.45,1.0,,15.4
160,1.6566,0.0,19.58,0.0,0.871,6.122,97.3,1.618,5.0,403.0,14.7,372.8,14.1,1.0,,21.5
161,1.49632,0.0,19.58,0.0,0.871,5.404,100.0,1.5916,5.0,403.0,14.7,341.6,13.28,1.0,20.30525423355907,19.6
162,1.12658,0.0,19.58,1.0,0.871,5.012,88.0,1.6102,5.0,403.0,14.7,343.28,12.12,1.0,15.17788131815307,15.3
163,2.14918,0.0,19.58,0.0,0.871,5.709,98.5,1.6232,5.0,403.0,14.7,261.95,15.79,1.0,18.78335764244098,19.4
164,1.41385,0.0,19.58,1.0,0.871,6.129,96.0,1.7494,5.0,403.0,14.7,321.02,15.12,1.0,,17.0
165,3.53501,0.0,19.58,1.0,0.871,6.152,82.6,1.7455,5.0,403.0,14.7,88.01,15.02,1.0,,15.6
166,2.44668,0.0,19.58,0.0,0.871,5.272,94.0,1.7364,5.0,403.0,14.7,88.63,16.14,1.0,,13.1
167,1.22358,0.0,19.58,0.0,0.605,6.943,97.4,1.8773,5.0,403.0,14.7,363.43,4.59,1.0,47.96005548933786,41.3
168,1.34284,0.0,19.58,0.0,0.605,6.066,100.0,1.7573,5.0,403.0,14.7,353.89,6.43,1.0,25.43980328158568,24.3
169,1.42502,0.0,19.58,0.0,0.871,6.51,100.0,1.7659,5.0,403.0,14.7,364.31,7.39,1.0,,23.3
170,1.27346,0.0,19.58,1.0,0.605,6.25,92.6,1.7984,5.0,403.0,14.7,338.92,5.5,1.0,28.16734877505236,27.0
171,1.46336,0.0,19.58,0.0,0.605,7.489,90.8,1.9709,5.0,403.0,14.7,374.43,1.73,1.0,,50.0
172,1.83377,0.0,19.58,1.0,0.605,7.802,98.2,2.0407,5.0,403.0,14.7,389.61,1.92,1.0,,50.0
173,1.51902,0.0,19.58,1.0,0.605,8.375,93.9,2.162,5.0,403.0,14.7,388.45,3.32,1.0,41.82004182102661,50.0
174,2.24236,0.0,19.58,0.0,0.605,5.854,91.8,2.422,5.0,403.0,14.7,395.11,11.64,1.0,24.755685056464078,22.7
175,2.924,0.0,19.58,0.0,0.605,6.101,93.0,2.2834,5.0,403.0,14.7,240.16,9.81,1.0,,25.0
176,2.01019,0.0,19.58,0.0,0.605,7.929,96.2,2.0459,5.0,403.0,14.7,369.3,3.7,1.0,,50.0
177,1.80028,0.0,19.58,0.0,0.605,5.877,79.2,2.4259,5.0,403.0,14.7,227.61,12.14,1.0,27.70768657039916,23.8
178,2.3004,0.0,19.58,0.0,0.605,6.319,96.1,2.1,5.0,403.0,14.7,297.09,11.1,1.0,,23.8
179,2.44953,0.0,19.58,0.0,0.605,6.402,95.2,2.2625,5.0,403.0,14.7,330.04,11.32,1.0,22.5105323020539,22.3
180,1.20742,0.0,19.58,0.0,0.605,5.875,94.6,2.4259,5.0,403.0,14.7,292.29,14.43,1.0,18.775587425594505,17.4
181,2.3139,0.0,19.58,0.0,0.605,5.88,97.3,2.3887,5.0,403.0,14.7,348.13,12.03,1.0,21.365044366148425,19.1
182,0.13914,0.0,4.05,0.0,0.51,5.572,88.5,2.5961,5.0,296.0,16.6,396.9,14.69,1.0,22.724364505422635,23.1
183,0.09178,0.0,4.05,0.0,0.51,6.416,84.1,2.6463,5.0,296.0,16.6,395.5,9.04,1.0,,23.6
184,0.08447,0.0,4.05,0.0,0.51,5.859,68.7,2.7019,5.0,296.0,16.6,393.23,9.64,1.0,,22.6
185,0.06664,0.0,4.05,0.0,0.51,6.546,33.1,3.1323,5.0,296.0,16.6,390.96,5.33,1.0,24.298935099537943,29.4
186,0.07022,0.0,4.05,0.0,0.51,6.02,47.2,3.5549,5.0,296.0,16.6,393.23,10.11,1.0,18.985592552234998,23.2
187,0.05425,0.0,4.05,0.0,0.51,6.315,73.4,3.3175,5.0,296.0,16.6,395.6,6.29,1.0,,24.6
188,0.06642,0.0,4.05,0.0,0.51,6.86,74.4,2.9153,5.0,296.0,16.6,391.27,6.92,1.0,,29.9
189,0.0578,0.0,2.46,0.0,0.488,6.98,58.4,2.829,3.0,193.0,17.8,396.9,5.04,1.0,,37.2
190,0.06588,0.0,2.46,0.0,0.488,7.765,83.3,2.741,3.0,193.0,17.8,395.56,7.56,1.0,41.06802695679007,39.8
191,0.06888,0.0,2.46,0.0,0.488,6.144,62.2,2.5979,3.0,193.0,17.8,396.9,9.45,1.0,,36.2
192,0.09103,0.0,2.46,0.0,0.488,7.155,92.2,2.7006,3.0,193.0,17.8,394.12,4.82,1.0,38.4649133973853,37.9
193,0.10008,0.0,2.46,0.0,0.488,6.563,95.6,2.847,3.0,193.0,17.8,396.9,5.68,1.0,,32.5
194,0.08308,0.0,2.46,0.0,0.488,5.604,89.8,2.9879,3.0,193.0,17.8,391.0,13.98,1.0,27.295130078823064,26.4
195,0.06047,0.0,2.46,0.0,0.488,6.153,68.8,3.2797,3.0,193.0,17.8,387.11,13.15,1.0,,29.6
196,0.05602,0.0,2.46,0.0,0.488,7.831,53.6,3.1992,3.0,193.0,17.8,392.63,4.45,1.0,53.95335147393864,50.0
197,0.07875,45.0,3.44,0.0,0.437,6.782,41.1,3.7886,5.0,398.0,15.2,393.87,6.68,1.0,27.904861086071023,32.0
198,0.12579,45.0,3.44,0.0,0.437,6.556,29.1,4.5667,5.0,398.0,15.2,382.84,4.56,1.0,,29.8
199,0.0837,45.0,3.44,0.0,0.437,7.185,38.9,4.5667,5.0,398.0,15.2,396.9,5.39,1.0,33.66679055243109,34.9
200,0.09068,45.0,3.44,0.0,0.437,6.951,21.5,6.4798,5.0,398.0,15.2,377.68,5.1,1.0,,37.0
201,0.06911,45.0,3.44,0.0,0.437,6.739,30.8,6.4798,5.0,398.0,15.2,389.71,4.69,1.0,,30.5
202,0.08664,45.0,3.44,0.0,0.437,7.178,26.3,6.4798,5.0,398.0,15.2,390.49,2.87,1.0,43.28848668537271,36.4
203,0.02187,60.0,2.93,0.0,0.401,6.8,9.9,6.2196,1.0,265.0,15.6,393.37,5.03,1.0,,31.1
204,0.01439,60.0,2.93,0.0,0.401,6.604,18.8,6.2196,1.0,265.0,15.6,376.7,4.38,1.0,,29.1
205,0.01381,80.0,0.46,0.0,0.422,7.875,32.0,5.6484,4.0,255.0,14.4,394.23,2.97,1.0,,50.0
206,0.04011,80.0,1.52,0.0,0.404,7.287,34.1,7.309,2.0,329.0,12.6,396.9,4.08,1.0,,33.3
207,0.04666,80.0,1.52,0.0,0.404,7.107,36.6,7.309,2.0,329.0,12.6,354.31,8.61,1.0,28.453144879530125,30.3
208,0.03768,80.0,1.52,0.0,0.404,7.274,38.3,7.309,2.0,329.0,12.6,392.2,6.62,1.0,28.12017679175469,34.6
209,0.0315,95.0,1.47,0.0,0.403,6.975,15.3,7.6534,3.0,402.0,17.0,396.9,4.56,1.0,35.58006571653543,34.9
210,0.01778,95.0,1.47,0.0,0.403,7.135,13.9,7.6534,3.0,402.0,17.0,384.3,4.45,1.0,33.35301330912,32.9
211,0.03445,82.5,2.03,0.0,0.415,6.162,38.4,6.27,2.0,348.0,14.7,393.77,7.43,1.0,22.711757908381948,24.1
212,0.02177,82.5,2.03,0.0,0.415,7.61,15.7,6.27,2.0,348.0,14.7,395.38,3.11,1.0,,42.3
213,0.0351,95.0,2.68,0.0,0.4161,7.853,33.2,5.118,4.0,224.0,14.7,392.78,3.81,1.0,,48.5
214,0.02009,95.0,2.68,0.0,0.4161,8.034,31.9,5.118,4.0,224.0,14.7,390.55,2.88,1.0,,50.0
215,0.13642,0.0,10.59,0.0,0.489,5.891,22.3,3.9454,4.0,277.0,18.6,396.9,10.87,1.0,,22.6
216,0.22969,0.0,10.59,0.0,0.489,6.326,52.5,4.3549,4.0,277.0,18.6,394.87,10.97,1.0,,24.4
217,0.25199,0.0,10.59,0.0,0.489,5.783,72.7,4.3549,4.0,277.0,18.6,389.43,18.06,1.0,,22.5
218,0.13587,0.0,10.59,1.0,0.489,6.064,59.1,4.2392,4.0,277.0,18.6,381.32,14.66,1.0,26.232778838857765,24.4
219,0.43571,0.0,10.59,1.0,0.489,5.344,100.0,3.875,4.0,277.0,18.6,396.9,23.09,1.0,20.09325610837809,20.0
220,0.17446,0.0,10.59,1.0,0.489,5.96,92.1,3.8771,4.0,277.0,18.6,393.25,17.27,1.0,,21.7
221,0.37578,0.0,10.59,1.0,0.489,5.404,88.6,3.665,4.0,277.0,18.6,395.24,23.98,1.0,,19.3
222,0.21719,0.0,10.59,1.0,0.489,5.807,53.8,3.6526,4.0,277.0,18.6,390.94,16.03,1.0,,22.4
223,0.14052,0.0,10.59,0.0,0.489,6.375,32.3,3.9454,4.0,277.0,18.6,385.81,9.38,1.0,,28.1
224,0.28955,0.0,10.59,0.0,0.489,5.412,9.8,3.5875,4.0,277.0,18.6,348.93,29.55,1.0,19.761221232812865,23.7
225,0.19802,0.0,10.59,0.0,0.489,6.182,42.4,3.9454,4.0,277.0,18.6,393.63,9.47,1.0,25.972780822554306,25.0
226,0.0456,0.0,13.89,1.0,0.55,5.888,56.0,3.1121,5.0,276.0,16.4,392.8,13.51,1.0,27.83191520147872,23.3
227,0.07013,0.0,13.89,0.0,0.55,6.642,85.1,3.4211,5.0,276.0,16.4,392.78,9.69,1.0,,28.7
228,0.11069,0.0,13.89,1.0,0.55,5.951,93.8,2.8893,5.0,276.0,16.4,396.9,17.92,1.0,25.146759128323925,21.5
229,0.11425,0.0,13.89,1.0,0.55,6.373,92.4,3.3633,5.0,276.0,16.4,393.74,10.5,1.0,,23.0
230,0.35809,0.0,6.2,1.0,0.507,6.951,88.5,2.8617,8.0,307.0,17.4,391.7,9.71,1.0,,26.7
231,0.40771,0.0,6.2,1.0,0.507,6.164,91.3,3.048,8.0,307.0,17.4,395.24,21.46,1.0,21.971386744490275,21.7
232,0.62356,0.0,6.2,1.0,0.507,6.879,77.7,3.2721,8.0,307.0,17.4,390.39,9.93,1.0,29.92567667530611,27.5
233,0.6147,0.0,6.2,0.0,0.507,6.618,80.8,3.2721,8.0,307.0,17.4,396.9,7.6,1.0,24.83059000463535,30.1
234,0.31533,0.0,6.2,0.0,0.504,8.266,78.3,2.8944,8.0,307.0,17.4,385.05,4.14,1.0,,44.8
235,0.52693,0.0,6.2,0.0,0.504,8.725,83.0,2.8944,8.0,307.0,17.4,382.0,4.63,1.0,42.66233857174957,50.0
236,0.38214,0.0,6.2,0.0,0.504,8.04,86.5,3.2157,8.0,307.0,17.4,387.38,3.13,1.0,40.4149692012661,37.6
237,0.41238,0.0,6.2,0.0,0.504,7.163,79.9,3.2157,8.0,307.0,17.4,372.08,6.36,1.0,,31.6
238,0.29819,0.0,6.2,0.0,0.504,7.686,17.0,3.3751,8.0,307.0,17.4,377.51,3.92,1.0,51.36283121392041,46.7
239,0.44178,0.0,6.2,0.0,0.504,6.552,21.4,3.3751,8.0,307.0,17.4,380.34,3.76,1.0,,31.5
240,0.537,0.0,6.2,0.0,0.504,5.981,68.1,3.6715,8.0,307.0,17.4,378.35,11.65,1.0,,24.3
241,0.46296,0.0,6.2,0.0,0.504,7.412,76.9,3.6715,8.0,307.0,17.4,376.14,5.25,1.0,29.85057978565683,31.7
242,0.57529,0.0,6.2,0.0,0.507,8.337,73.3,3.8384,8.0,307.0,17.4,385.91,2.47,1.0,,41.7
243,0.33147,0.0,6.2,0.0,0.507,8.247,70.4,3.6519,8.0,307.0,17.4,378.95,3.95,1.0,,48.3
244,0.44791,0.0,6.2,1.0,0.507,6.726,66.5,3.6519,8.0,307.0,17.4,360.2,8.05,1.0,31.7539003906883,29.0
245,0.33045,0.0,6.2,0.0,0.507,6.086,61.5,3.6519,8.0,307.0,17.4,376.75,10.88,1.0,20.9499252333692,24.0
246,0.52058,0.0,6.2,1.0,0.507,6.631,76.5,4.148,8.0,307.0,17.4,388.45,9.54,1.0,25.74220952386912,25.1
247,0.51183,0.0,6.2,0.0,0.507,7.358,71.6,4.148,8.0,307.0,17.4,390.07,4.73,1.0,,31.5
248,0.08244,30.0,4.93,0.0,0.428,6.481,18.5,6.1899,6.0,300.0,16.6,379.41,6.36,1.0,19.805657036190293,23.7
249,0.09252,30.0,4.93,0.0,0.428,6.606,42.2,6.1899,6.0,300.0,16.6,383.78,7.37,1.0,,23.3
250,0.11329,30.0,4.93,0.0,0.428,6.897,54.3,6.3361,6.0,300.0,16.6,391.25,11.38,1.0,,22.0
251,0.10612,30.0,4.93,0.0,0.428,6.095,65.1,6.3361,6.0,300.0,16.6,394.62,12.4,1.0,,20.1
252,0.1029,30.0,4.93,0.0,0.428,6.358,52.9,7.0355,6.0,300.0,16.6,372.75,11.22,1.0,,22.2
253,0.12757,30.0,4.93,0.0,0.428,6.393,7.8,7.0355,6.0,300.0,16.6,374.71,5.19,1.0,22.32638879508781,23.7
254,0.20608,22.0,5.86,0.0,0.431,5.593,76.5,7.9549,7.0,330.0,19.1,372.49,12.5,1.0,18.64771279565269,17.6
255,0.19133,22.0,5.86,0.0,0.431,5.605,70.2,7.9549,7.0,330.0,19.1,389.13,18.46,1.0,18.34890755298145,18.5
256,0.33983,22.0,5.86,0.0,0.431,6.108,34.9,8.0555,7.0,330.0,19.1,390.18,9.16,1.0,25.118418991421724,24.3
257,0.19657,22.0,5.86,0.0,0.431,6.226,79.2,8.0555,7.0,330.0,19.1,376.14,10.15,1.0,,20.5
258,0.16439,22.0,5.86,0.0,0.431,6.433,49.1,7.8265,7.0,330.0,19.1,374.71,9.52,1.0,,24.5
259,0.19073,22.0,5.86,0.0,0.431,6.718,17.5,7.8265,7.0,330.0,19.1,393.74,6.56,1.0,27.106891355244752,26.2
260,0.1403,22.0,5.86,0.0,0.431,6.487,13.0,7.3967,7.0,330.0,19.1,396.28,5.9,1.0,25.02911537502098,24.4
261,0.21409,22.0,5.86,0.0,0.431,6.438,8.9,7.3967,7.0,330.0,19.1,377.07,3.59,1.0,,24.8
262,0.08221,22.0,5.86,0.0,0.431,6.957,6.8,8.9067,7.0,330.0,19.1,386.09,3.53,1.0,,29.6
263,0.36894,22.0,5.86,0.0,0.431,8.259,8.4,8.9067,7.0,330.0,19.1,396.9,3.54,1.0,,42.8
264,0.04819,80.0,3.64,0.0,0.392,6.108,32.0,9.2203,1.0,315.0,16.4,392.89,6.57,1.0,,21.9
265,0.03548,80.0,3.64,0.0,0.392,5.876,19.1,9.2203,1.0,315.0,16.4,395.18,9.25,1.0,18.76279237968451,20.9
266,0.01538,90.0,3.75,0.0,0.394,7.454,34.2,6.3361,3.0,244.0,15.9,386.34,3.11,1.0,,44.0
267,0.61154,20.0,3.97,0.0,0.647,8.704,86.9,1.801,5.0,264.0,13.0,389.7,5.12,1.0,,50.0
268,0.66351,20.0,3.97,0.0,0.647,7.333,100.0,1.8946,5.0,264.0,13.0,383.29,7.79,1.0,,36.0
269,0.65665,20.0,3.97,0.0,0.647,6.842,100.0,2.0107,5.0,264.0,13.0,391.93,6.9,1.0,,30.1
270,0.54011,20.0,3.97,0.0,0.647,7.203,81.8,2.1121,5.0,264.0,13.0,392.8,9.59,1.0,30.08649942507338,33.8
271,0.53412,20.0,3.97,0.0,0.647,7.52,89.4,2.1398,5.0,264.0,13.0,388.37,7.26,1.0,,43.1
272,0.52014,20.0,3.97,0.0,0.647,8.398,91.5,2.2885,5.0,264.0,13.0,386.86,5.91,1.0,,48.8
273,0.82526,20.0,3.97,0.0,0.647,7.327,94.5,2.0788,5.0,264.0,13.0,393.42,11.25,1.0,35.35013722116821,31.0
274,0.55007,20.0,3.97,0.0,0.647,7.206,91.6,1.9301,5.0,264.0,13.0,387.89,8.1,1.0,,36.5
275,0.76162,20.0,3.97,0.0,0.647,5.56,62.8,1.9865,5.0,264.0,13.0,392.4,10.45,1.0,25.58948776707923,22.8
276,0.7857,20.0,3.97,0.0,0.647,7.014,84.6,2.1329,5.0,264.0,13.0,384.07,14.79,1.0,25.243424849303658,30.7
277,0.57834,20.0,3.97,0.0,0.575,8.297,67.0,2.4216,5.0,264.0,13.0,384.54,7.44,1.0,56.84628070596362,50.0
278,0.5405,20.0,3.97,0.0,0.575,7.47,52.6,2.872,5.0,264.0,13.0,390.3,3.16,1.0,35.698457315016526,43.5
279,0.09065,20.0,6.96,1.0,0.464,5.92,61.5,3.9175,3.0,223.0,18.6,391.34,13.65,1.0,16.71104774622683,20.7
280,0.29916,20.0,6.96,0.0,0.464,5.856,42.1,4.429,3.0,223.0,18.6,388.65,13.0,1.0,,21.1
281,0.16211,20.0,6.96,0.0,0.464,6.24,16.3,4.429,3.0,223.0,18.6,396.9,6.59,1.0,30.212335790465414,25.2
282,0.1146,20.0,6.96,0.0,0.464,6.538,58.7,3.9175,3.0,223.0,18.6,394.96,7.73,1.0,28.27091616662644,24.4
283,0.22188,20.0,6.96,1.0,0.464,7.691,51.8,4.3665,3.0,223.0,18.6,390.77,6.58,1.0,36.2700577227037,35.2
284,0.05644,40.0,6.41,1.0,0.447,6.758,32.9,4.0776,4.0,254.0,17.6,396.9,3.53,1.0,37.809447145588486,32.4
285,0.09604,40.0,6.41,0.0,0.447,6.854,42.8,4.2673,4.0,254.0,17.6,396.9,2.98,1.0,,32.0
286,0.10469,40.0,6.41,1.0,0.447,7.267,49.0,4.7872,4.0,254.0,17.6,389.25,6.05,1.0,,33.2
287,0.06127,40.0,6.41,1.0,0.447,6.826,27.6,4.8628,4.0,254.0,17.6,393.45,4.16,1.0,32.97751383738631,33.1
288,0.07978,40.0,6.41,0.0,0.447,6.482,32.1,4.1403,4.0,254.0,17.6,396.9,7.19,1.0,,29.1
289,0.21038,20.0,3.33,0.0,0.4429,6.812,32.2,4.1007,5.0,216.0,14.9,396.9,4.85,1.0,39.60489508307308,35.1
290,0.03578,20.0,3.33,0.0,0.4429,7.82,64.5,4.6947,5.0,216.0,14.9,387.31,3.76,1.0,49.367184038391805,45.4
291,0.03705,20.0,3.33,0.0,0.4429,6.968,37.2,5.2447,5.0,216.0,14.9,392.23,4.59,1.0,35.896120125755935,35.4
292,0.06129,20.0,3.33,1.0,0.4429,7.645,49.7,5.2119,5.0,216.0,14.9,377.07,3.01,1.0,,46.0
293,0.01501,90.0,1.21,1.0,0.401,7.923,24.8,5.885,1.0,198.0,13.6,395.52,3.16,1.0,,50.0
294,0.00906,90.0,2.97,0.0,0.4,7.088,20.8,7.3073,1.0,285.0,15.3,394.72,7.85,1.0,,32.2
295,0.01096,55.0,2.25,0.0,0.389,6.453,31.9,7.3073,1.0,300.0,15.3,394.72,8.23,1.0,,22.0
296,0.01965,80.0,1.76,0.0,0.385,6.23,31.5,9.0892,1.0,241.0,18.2,341.6,12.93,1.0,21.796057929847457,20.1
297,0.03871,52.5,5.32,0.0,0.405,6.209,31.3,7.3172,6.0,293.0,16.6,396.9,7.14,1.0,20.41142428569961,23.2
298,0.0459,52.5,5.32,0.0,0.405,6.315,45.6,7.3172,6.0,293.0,16.6,396.9,7.6,1.0,24.407324878590515,22.3
299,0.04297,52.5,5.32,0.0,0.405,6.565,22.9,7.3172,6.0,293.0,16.6,371.72,9.51,1.0,,24.8
300,0.03502,80.0,4.95,0.0,0.411,6.861,27.9,5.1167,4.0,245.0,19.2,396.9,3.33,1.0,30.862423090346667,28.5
301,0.07886,80.0,4.95,0.0,0.411,7.148,27.7,5.1167,4.0,245.0,19.2,396.9,3.56,1.0,41.29527016152715,37.3
302,0.03615,80.0,4.95,0.0,0.411,6.63,23.4,5.1167,4.0,245.0,19.2,396.9,4.7,1.0,23.294158404220777,27.9
303,0.08265,0.0,13.92,0.0,0.437,6.127,18.4,5.5027,4.0,289.0,16.0,396.9,8.58,1.0,,23.9
304,0.08199,0.0,13.92,0.0,0.437,6.009,42.3,5.5027,4.0,289.0,16.0,396.9,10.4,1.0,25.449884490790183,21.7
305,0.12932,0.0,13.92,0.0,0.437,6.678,31.1,5.9604,4.0,289.0,16.0,396.9,6.27,1.0,26.54814667830485,28.6
306,0.05372,0.0,13.92,0.0,0.437,6.549,51.0,5.9604,4.0,289.0,16.0,392.85,7.39,1.0,,27.1
307,0.14103,0.0,13.92,0.0,0.437,5.79,58.0,6.32,4.0,289.0,16.0,396.9,15.84,1.0,,20.3
308,0.06466,70.0,2.24,0.0,0.4,6.345,20.1,7.8278,5.0,358.0,14.8,368.24,4.97,1.0,,22.5
309,0.05561,70.0,2.24,0.0,0.4,7.041,10.0,7.8278,5.0,358.0,14.8,371.58,4.74,1.0,,29.0
310,0.04417,70.0,2.24,0.0,0.4,6.871,47.4,7.8278,5.0,358.0,14.8,390.86,6.07,1.0,25.285306040498657,24.8
311,0.03537,34.0,6.09,0.0,0.433,6.59,40.4,5.4917,7.0,329.0,16.1,395.75,9.5,1.0,,22.0
312,0.09266,34.0,6.09,0.0,0.433,6.495,18.4,5.4917,7.0,329.0,16.1,383.61,8.67,1.0,28.34907554561104,26.4
313,0.1,34.0,6.09,0.0,0.433,6.982,17.7,5.4917,7.0,329.0,16.1,390.43,4.86,1.0,,33.1
314,0.05515,33.0,2.18,0.0,0.472,7.236,41.1,4.022,7.0,222.0,18.4,393.68,6.93,1.0,30.884629728502777,36.1
315,0.05479,33.0,2.18,0.0,0.472,6.616,58.1,3.37,7.0,222.0,18.4,393.36,8.93,1.0,,28.4
316,0.07503,33.0,2.18,0.0,0.472,7.42,71.9,3.0992,7.0,222.0,18.4,396.9,6.47,1.0,28.279059416932864,33.4
317,0.04932,33.0,2.18,0.0,0.472,6.849,70.3,3.1827,7.0,222.0,18.4,396.9,7.53,1.0,27.897314747865344,28.2
318,0.49298,0.0,9.9,0.0,0.544,6.635,82.5,3.3175,4.0,304.0,18.4,396.9,4.54,1.0,23.767649155229247,22.8
319,0.3494,0.0,9.9,0.0,0.544,5.972,76.7,3.1025,4.0,304.0,18.4,396.24,9.97,1.0,22.689630333727678,20.3
320,2.63548,0.0,9.9,0.0,0.544,4.973,37.8,2.5194,4.0,304.0,18.4,350.45,12.64,1.0,13.567143170730532,16.1
321,0.79041,0.0,9.9,0.0,0.544,6.122,52.8,2.6403,4.0,304.0,18.4,396.9,5.98,1.0,25.20043074654546,22.1
322,0.26169,0.0,9.9,0.0,0.544,6.023,90.4,2.834,4.0,304.0,18.4,396.3,11.72,1.0,21.308762318258047,19.4
323,0.26938,0.0,9.9,0.0,0.544,6.266,82.8,3.2628,4.0,304.0,18.4,393.39,7.9,1.0,20.80959805096633,21.6
324,0.3692,0.0,9.9,0.0,0.544,6.567,87.3,3.6023,4.0,304.0,18.4,395.69,9.28,1.0,27.92157039879157,23.8
325,0.25356,0.0,9.9,0.0,0.544,5.705,77.7,3.945,4.0,304.0,18.4,396.42,11.5,1.0,19.38122300744389,16.2
326,0.31827,0.0,9.9,0.0,0.544,5.914,83.2,3.9986,4.0,304.0,18.4,390.7,18.33,1.0,,17.8
327,0.24522,0.0,9.9,0.0,0.544,5.782,71.7,4.0317,4.0,304.0,18.4,396.9,15.94,1.0,18.8434903929133,19.8
328,0.40202,0.0,9.9,0.0,0.544,6.382,67.2,3.5325,4.0,304.0,18.4,395.21,10.36,1.0,,23.1
329,0.47547,0.0,9.9,0.0,0.544,6.113,58.8,4.0019,4.0,304.0,18.4,396.23,12.73,1.0,,21.0
330,0.1676,0.0,7.38,0.0,0.493,6.426,52.3,4.5404,5.0,287.0,19.6,396.9,7.2,1.0,,23.8
331,0.18159,0.0,7.38,0.0,0.493,6.376,54.3,4.5404,5.0,287.0,19.6,396.9,6.87,1.0,,23.1
332,0.35114,0.0,7.38,0.0,0.493,6.041,49.9,4.7211,5.0,287.0,19.6,396.9,7.7,1.0,,20.4
333,0.28392,0.0,7.38,0.0,0.493,5.708,74.3,4.7211,5.0,287.0,19.6,391.13,11.74,1.0,,18.5
334,0.34109,0.0,7.38,0.0,0.493,6.415,40.1,4.7211,5.0,287.0,19.6,396.9,6.12,1.0,,25.0
335,0.19186,0.0,7.38,0.0,0.493,6.431,14.7,5.4159,5.0,287.0,19.6,393.68,5.08,1.0,27.799305538657123,24.6
336,0.30347,0.0,7.38,0.0,0.493,6.312,28.9,5.4159,5.0,287.0,19.6,396.9,6.15,1.0,,23.0
337,0.24103,0.0,7.38,0.0,0.493,6.083,43.7,5.4159,5.0,287.0,19.6,396.9,12.79,1.0,,22.2
338,0.06617,0.0,3.24,0.0,0.46,5.868,25.8,5.2146,4.0,430.0,16.9,382.44,9.97,1.0,,19.3
339,0.06724,0.0,3.24,0.0,0.46,6.333,17.2,5.2146,4.0,430.0,16.9,375.21,7.34,1.0,26.287109819381143,22.6
340,0.04544,0.0,3.24,0.0,0.46,6.144,32.2,5.8736,4.0,430.0,16.9,368.57,9.09,1.0,,19.8
341,0.05023,35.0,6.06,0.0,0.4379,5.706,28.4,6.6407,1.0,304.0,16.9,394.02,12.43,1.0,,17.1
342,0.03466,35.0,6.06,0.0,0.4379,6.031,23.3,6.6407,1.0,304.0,16.9,362.25,7.83,1.0,,19.4
343,0.05083,0.0,5.19,0.0,0.515,6.316,38.1,6.4584,5.0,224.0,20.2,389.71,5.68,1.0,,22.2
344,0.03738,0.0,5.19,0.0,0.515,6.31,38.5,6.4584,5.0,224.0,20.2,389.4,6.75,1.0,22.47011872620209,20.7
345,0.03961,0.0,5.19,0.0,0.515,6.037,34.5,5.9853,5.0,224.0,20.2,396.9,8.01,1.0,24.473193238265942,21.1
346,0.03427,0.0,5.19,0.0,0.515,5.869,46.3,5.2311,5.0,224.0,20.2,396.9,9.8,1.0,20.46799204461833,19.5
555,0.13262,0.0,8.56,0.0,0.532,5.404,90.3,,3.0,216.0,,382.84,2.94,1.0,19.15846914708297,19.1
556,18.4982,0.0,,0.0,0.433,,100.0,1.9976,24.0,255.0,20.2,392.33,9.71,1.0,,14.4
557,37.6619,0.0,4.05,0.0,0.411,5.399,93.8,1.3216,24.0,307.0,16.9,396.9,,1.0,,8.5
558,0.05515,0.0,18.1,,0.713,5.709,94.5,7.0379,,243.0,20.2,,4.03,1.0,15.300788532902317,
